ID,Name,Email,Country,Registration Date,Score
001,User001,user001@example.com,United States,2026-07-27,95
002,User002,user002@example.com,United States,2026-07-27,95
003,User003,user003@example.com,United States,2026-07-27,95
004,User004,user004@example.com,United States,2026-07-27,95
005,User005,user005@example.com,United States,2026-07-27,95
006,User006,user006@example.com,United States,2026-07-27,95
007,User007,user007@example.com,United States,2026-07-27,95
008,User008,user008@example.com,United States,2026-07-27,95
009,User009,user009@example.com,United States,2026-07-27,95
010,User010,user010@example.com,United States,2026-07-27,95
011,User011,user011@example.com,United States,2026-07-27,95
012,User012,user012@example.com,United States,2026-07-27,95
013,User013,user013@example.com,United States,2026-07-27,95
014,User014,user014@example.com,United States,2026-07-27,95
015,User015,user015@example.com,United States,2026-07-27,95
016,User016,user016@example.com,United States,2026-07-27,95
017,User017,user017@example.com,United States,2026-07-27,95
018,User018,user018@example.com,United States,2026-07-27,95
019,User019,user019@example.com,United States,2026-07-27,95
020,User020,user020@example.com,United States,2026-07-27,95
021,User021,user021@example.com,United States,2026-07-27,95
022,User022,user022@example.com,United States,2026-07-27,95
023,User023,user023@example.com,United States,2026-07-27,95
024,User024,user024@example.com,United States,2026-07-27,95
025,User025,user025@example.com,United States,2026-07-27,95
026,User026,user026@example.com,United States,2026-07-27,95
027,User027,user027@example.com,United States,2026-07-27,95
028,User028,user028@example.com,United States,2026-07-27,95
029,User029,user029@example.com,United States,2026-07-27,95
030,User030,user030@example.com,United States,2026-07-27,95
031,User031,user031@example.com,United States,2026-07-27,95
032,User032,user032@example.com,United States,2026-07-27,95
033,User033,user033@example.com,United States,2026-07-27,95
034,User034,user034@example.com,United States,2026-07-27,95
035,User035,user035@example.com,United States,2026-07-27,95
036,User036,user036@example.com,United States,2026-07-27,95
037,User037,user037@example.com,United States,2026-07-27,95
038,User038,user038@example.com,United States,2026-07-27,95
039,User039,user039@example.com,United States,2026-07-27,95
040,User040,user040@example.com,United States,2026-07-27,95
041,User041,user041@example.com,United States,2026-07-27,95
042,User042,user042@example.com,United States,2026-07-27,95
043,User043,user043@example.com,United States,2026-07-27,95
044,User044,user044@example.com,United States,2026-07-27,95
045,User045,user045@example.com,United States,2026-07-27,95
046,User046,user046@example.com,United States,2026-07-27,95
047,User047,user047@example.com,United States,2026-07-27,95
048,User048,user048@example.com,United States,2026-07-27,95
049,User049,user049@example.com,United States,2026-07-27,95
050,User050,user050@example.com,United States,2026-07-27,95
051,User051,user051@example.com,United States,2026-07-27,95
052,User052,user052@example.com,United States,2026-07-27,95
053,User053,user053@example.com,United States,2026-07-27,95
054,User054,user054@example.com,United States,2026-07-27,95
055,User055,user055@example.com,United States,2026-07-27,95
056,User056,user056@example.com,United States,2026-07-27,95
057,User057,user057@example.com,United States,2026-07-27,95
058,User058,user058@example.com,United States,2026-07-27,95
059,User059,user059@example.com,United States,2026-07-27,95
060,User060,user060@example.com,United States,2026-07-27,95
061,User061,user061@example.com,United States,2026-07-27,95
062,User062,user062@example.com,United States,2026-07-27,95
063,User063,user063@example.com,United States,2026-07-27,95
064,User064,user064@example.com,United States,2026-07-27,95
065,User065,user065@example.com,United States,2026-07-27,95
066,User066,user066@example.com,United States,2026-07-27,95
067,User067,user067@example.com,United States,2026-07-27,95
068,User068,user068@example.com,United States,2026-07-27,95
069,User069,user069@example.com,United States,2026-07-27,95
070,User070,user070@example.com,United States,2026-07-27,95
071,User071,user071@example.com,United States,2026-07-27,95
072,User072,user072@example.com,United States,2026-07-27,95
073,User073,user073@example.com,United States,2026-07-27,95
074,User074,user074@example.com,United States,2026-07-27,95
075,User075,user075@example.com,United States,2026-07-27,95
076,User076,user076@example.com,United States,2026-07-27,95
077,User077,user077@example.com,United States,2026-07-27,95
078,User078,user078@example.com,United States,2026-07-27,95
079,User079,user079@example.com,United States,2026-07-27,95
080,User080,user080@example.com,United States,2026-07-27,95
081,User081,user081@example.com,United States,2026-07-27,95
082,User082,user082@example.com,United States,2026-07-27,95
083,User083,user083@example.com,United States,2026-07-27,95
084,User084,user084@example.com,United States,2026-07-27,95
085,User085,user085@example.com,United States,2026-07-27,95
086,User086,user086@example.com,United States,2026-07-27,95
087,User087,user087@example.com,United States,2026-07-27,95
088,User088,user088@example.com,United States,2026-07-27,95
089,User089,user089@example.com,United States,2026-07-27,95
090,User090,user090@example.com,United States,2026-07-27,95
091,User091,user091@example.com,United States,2026-07-27,95
092,User092,user092@example.com,United States,2026-07-27,95
093,User093,user093@example.com,United States,2026-07-27,95
094,User094,user094@example.com,United States,2026-07-27,95
095,User095,user095@example.com,United States,2026-07-27,95
096,User096,user096@example.com,United States,2026-07-27,95
097,User097,user097@example.com,United States,2026-07-27,95
098,User098,user098@example.com,United States,2026-07-27,95
099,User099,user099@example.com,United States,2026-07-27,95
100,User100,user100@example.com,United States,2026-07-27,95
101,User101,user101@example.com,United States,2026-07-27,95
102,User102,user102@example.com,United States,2026-07-27,95
103,User103,user103@example.com,United States,2026-07-27,95
104,User104,user104@example.com,United States,2026-07-27,95
105,User105,user105@example.com,United States,2026-07-27,95
106,User106,user106@example.com,United States,2026-07-27,95
107,User107,user107@example.com,United States,2026-07-27,95
108,User108,user108@example.com,United States,2026-07-27,95
109,User109,user109@example.com,United States,2026-07-27,95
110,User110,user110@example.com,United States,2026-07-27,95
111,User111,user111@example.com,United States,2026-07-27,95
112,User112,user112@example.com,United States,2026-07-27,95
113,User113,user113@example.com,United States,2026-07-27,95
114,User114,user114@example.com,United States,2026-07-27,95
115,User115,user115@example.com,United States,2026-07-27,95
116,User116,user116@example.com,United States,2026-07-27,95
117,User117,user117@example.com,United States,2026-07-27,95
118,User118,user118@example.com,United States,2026-07-27,95
119,User119,user119@example.com,United States,2026-07-27,95
120,User120,user120@example.com,United States,2026-07-27,95
121,User121,user121@example.com,United States,2026-07-27,95
122,User122,user122@example.com,United States,2026-07-27,95
123,User123,user123@example.com,United States,2026-07-27,95
124,User124,user124@example.com,United States,2026-07-27,95
125,User125,user125@example.com,United States,2026-07-27,95
126,User126,user126@example.com,United States,2026-07-27,95
127,User127,user127@example.com,United States,2026-07-27,95
128,User128,user128@example.com,United States,2026-07-27,95
129,User129,user129@example.com,United States,2026-07-27,95
130,User130,user130@example.com,United States,2026-07-27,95
131,User131,user131@example.com,United States,2026-07-27,95
132,User132,user132@example.com,United States,2026-07-27,95
133,User133,user133@example.com,United States,2026-07-27,95
134,User134,user134@example.com,United States,2026-07-27,95
135,User135,user135@example.com,United States,2026-07-27,95
136,User136,user136@example.com,United States,2026-07-27,95
137,User137,user137@example.com,United States,2026-07-27,95
138,User138,user138@example.com,United States,2026-07-27,95
139,User139,user139@example.com,United States,2026-07-27,95
140,User140,user140@example.com,United States,2026-07-27,95
141,User141,user141@example.com,United States,2026-07-27,95
142,User142,user142@example.com,United States,2026-07-27,95
143,User143,user143@example.com,United States,2026-07-27,95
144,User144,user144@example.com,United States,2026-07-27,95
145,User145,user145@example.com,United States,2026-07-27,95
146,User146,user146@example.com,United States,2026-07-27,95
147,User147,user147@example.com,United States,2026-07-27,95
148,User148,user148@example.com,United States,2026-07-27,95
149,User149,user149@example.com,United States,2026-07-27,95
150,User150,user150@example.com,United States,2026-07-27,95
151,User151,user151@example.com,United States,2026-07-27,95
152,User152,user152@example.com,United States,2026-07-27,95
153,User153,user153@example.com,United States,2026-07-27,95
154,User154,user154@example.com,United States,2026-07-27,95
155,User155,user155@example.com,United States,2026-07-27,95
156,User156,user156@example.com,United States,2026-07-27,95
157,User157,user157@example.com,United States,2026-07-27,95
158,User158,user158@example.com,United States,2026-07-27,95
159,User159,user159@example.com,United States,2026-07-27,95
160,User160,user160@example.com,United States,2026-07-27,95
161,User161,user161@example.com,United States,2026-07-27,95
162,User162,user162@example.com,United States,2026-07-27,95
163,User163,user163@example.com,United States,2026-07-27,95
164,User164,user164@example.com,United States,2026-07-27,95
165,User165,user165@example.com,United States,2026-07-27,95
